volt, time
0.083, 1468110309.952545
0.080, 1468110309.954284
0.085, 1468110309.972137
0.085, 1468110309.987762
0.080, 1468110310.004425
0.065, 1468110310.023345
