volt, time
0.075, 1468110307.981933
0.070, 1468110307.996459
0.083, 1468110308.013885
0.083, 1468110308.029876
0.080, 1468110308.046234
0.102, 1468110308.063507
