volt, time
0.080, 1468110308.000152
0.073, 1468110308.001892
0.080, 1468110308.012908
0.085, 1468110308.029602
0.075, 1468110308.046142
0.075, 1468110308.062713
