volt, time
0.065, 1468110307.921539
0.075, 1468110307.923828
0.083, 1468110307.940521
0.083, 1468110307.956024
0.085, 1468110307.972473
0.075, 1468110307.989196
